UPC,manufacturer_code,DESCRIP,descrip_clean,SIZE,size_oz,size_kind,brand_rule,block_majority_brand,brand_final,brand_source,brand_confidence
317,0,$TONY THE TIGER T-SH,TONY THE TIGER T-SH,ASST,,assorted,Unknown,Unknown,Unknown,unknown,low
1313000002,13130,NAB SHREDDED WHEAT,NAB SHREDDED WHEAT,10 OZ,10.0,oz,Unknown,Nabisco,Nabisco,manufacturer_block,medium
1313000005,13130,NABISCO SHREDDED WHE,NABISCO SHREDDED WHE,15 OZ,15.0,oz,Nabisco,Nabisco,Nabisco,descrip_rule,high
1313000032,13130,NABISCO 100% BRAN,NABISCO 100% BRAN,17 OZ,17.0,oz,Nabisco,Nabisco,Nabisco,descrip_rule,high
1313000050,13130,NAB SPOON SIZE SHRED,NAB SPOON SIZE SHRED,23.45O,23.45,oz,Unknown,Nabisco,Nabisco,manufacturer_block,medium
1313000054,13130,NAB SPOON SIZE SHRED,NAB SPOON SIZE SHRED,17.2 O,17.2,oz,Unknown,Nabisco,Nabisco,manufacturer_block,medium
1313000148,13130,NABISCO TEAM FLAKES,NABISCO TEAM FLAKES,13 OZ,13.0,oz,Nabisco,Nabisco,Nabisco,descrip_rule,high
1313000698,13130,NABISCO CREAM OF RIC,NABISCO CREAM OF RIC,14 OZ,14.0,oz,Nabisco,Nabisco,Nabisco,descrip_rule,high
1313001041,13130,NABISCO OAT BRAN RAI,NABISCO OAT BRAN RAI,15.5 O,15.5,oz,Nabisco,Nabisco,Nabisco,descrip_rule,high
1313001059,13130,NABISCO WHEAT N BRAN,NABISCO WHEAT N BRAN,18 OZ,18.0,oz,Nabisco,Nabisco,Nabisco,descrip_rule,high
1313001145,13130,NABISCO FRUIT WHEATS,NABISCO FRUIT WHEATS,15.5 O,15.5,oz,Nabisco,Nabisco,Nabisco,descrip_rule,high
1313001146,13130,NAB RASPBERRY FRUIT,NAB RASPBERRY FRUIT,15.5 O,15.5,oz,Unknown,Nabisco,Nabisco,manufacturer_block,medium
1313001854,13130,NAB SHRED WHT W/OAT,NAB SHRED WHT W/OAT,18 OZ,18.0,oz,Unknown,Nabisco,Nabisco,manufacturer_block,medium
1313002033,13130,NABISCO 100% BRAN W/,NABISCO 100% BRAN W/,17 OZ,17.0,oz,Nabisco,Nabisco,Nabisco,descrip_rule,high
1313002401,13130,TEDDY GRAHAMS BRKFST,TEDDY GRAHAMS BRKFST,15 OZ,15.0,oz,Unknown,Nabisco,Nabisco,manufacturer_block,medium
1313002402,13130,TEDDY GRAHAMS BRKFST,TEDDY GRAHAMS BRKFST,15 OZ,15.0,oz,Unknown,Nabisco,Nabisco,manufacturer_block,medium
1313002403,13130,TEDDY GRAHAMS BRKFST,TEDDY GRAHAMS BRKFST,15 OZ,15.0,oz,Unknown,Nabisco,Nabisco,manufacturer_block,medium
1313005152,13130,NAB FROST WHEAT SQUA,NAB FROST WHEAT SQUA,15 OZ,15.0,oz,Unknown,Nabisco,Nabisco,manufacturer_block,medium
1313005154,13130,NAB FROSTED WHEAT,NAB FROSTED WHEAT,20 OZ,20.0,oz,Unknown,Nabisco,Nabisco,manufacturer_block,medium
1313018155,13130,~NABISCO FROSTED WHE,NABISCO FROSTED WHE,15 OZ,15.0,oz,Nabisco,Nabisco,Nabisco,descrip_rule,high
1600062360,16000,TRIPLES/KRAFT MARSHM,TRIPLES/KRAFT MARSHM,18.7 O,18.7,oz,Unknown,General Mills,General Mills,manufacturer_block,medium
1600062370,16000,$ GEN MILLS TRIPLES,GEN MILLS TRIPLES,13.3 O,13.3,oz,Unknown,General Mills,General Mills,manufacturer_block,medium
1600062380,16000,G. MILLS TRIPLES,G. MILLS TRIPLES,18.75O,18.75,oz,Unknown,General Mills,General Mills,manufacturer_block,medium
1600062580,16000,G. MILLS BENEFIT W/R,G. MILLS BENEFIT W/R,15 OZ,15.0,oz,Unknown,General Mills,General Mills,manufacturer_block,medium
1600062600,16000,G. MILLS BENEFIT CER,G. MILLS BENEFIT CER,12.5 O,12.5,oz,Unknown,General Mills,General Mills,manufacturer_block,medium
1600062640,16000,G.M. BERRY BERRY KIX,G.M. BERRY BERRY KIX,18 OZ,18.0,oz,Unknown,General Mills,General Mills,manufacturer_block,medium
1600062680,16000,BERRY BERRY KIX,BERRY BERRY KIX,12.7 O,12.7,oz,Unknown,General Mills,General Mills,manufacturer_block,medium
1600062740,16000,BIG G APPLE-CIN CHEE,BIG G APPLE-CIN CHEE,1.35 O,1.35,oz,Unknown,General Mills,General Mills,manufacturer_block,medium
1600062750,16000,APPLE CINNAMON CHERR,APPLE CINNAMON CHERR,15 OZ,15.0,oz,Unknown,General Mills,General Mills,manufacturer_block,medium
1600062760,16000,APPLE CINNAMON CHEER,APPLE CINNAMON CHEER,21 OZ,21.0,oz,Unknown,General Mills,General Mills,manufacturer_block,medium
1600063100,16000,~RIPPLE CRISP HONEY-,RIPPLE CRISP HONEY-,15 OZ,15.0,oz,Unknown,General Mills,General Mills,manufacturer_block,medium
1600063110,16000,~RIPPLE CRISP-GOLDEN,RIPPLE CRISP-GOLDEN,13.5OZ,13.5,oz,Unknown,General Mills,General Mills,manufacturer_block,medium
1600063830,16000,WHEATIES HONEY GOLD,WHEATIES HONEY GOLD,14.75O,14.75,oz,Unknown,General Mills,General Mills,manufacturer_block,medium
1600063840,16000,WHEATIES HONEY GOLD,WHEATIES HONEY GOLD,21.25O,21.25,oz,Unknown,General Mills,General Mills,manufacturer_block,medium
1600064300,16000,FROSTED CHEERIOS,FROSTED CHEERIOS,14.2 O,14.2,oz,Unknown,General Mills,General Mills,manufacturer_block,medium
1600064310,16000,FROSTED CHEERIOS,FROSTED CHEERIOS,20.2 O,20.2,oz,Unknown,General Mills,General Mills,manufacturer_block,medium
1600064360,16000,BIG G BREAKFAST PACK,BIG G BREAKFAST PACK,7.5 OZ,7.5,oz,Unknown,General Mills,General Mills,manufacturer_block,medium
1600064380,16000,GENERAL MILLS SUN CR,GENERAL MILLS SUN CR,14 OZ,14.0,oz,General Mills,General Mills,General Mills,descrip_rule,high
1600064400,16000,GENERAL MILLS SUN CR,GENERAL MILLS SUN CR,14.5 O,14.5,oz,General Mills,General Mills,General Mills,descrip_rule,high
1600064450,16000,BIG G SPRINKLE SPANG,BIG G SPRINKLE SPANG,13 OZ,13.0,oz,Unknown,General Mills,General Mills,manufacturer_block,medium
1600064670,16000,GM PEANUT BUTTER PUF,GM PEANUT BUTTER PUF,14.25,14.25,oz,General Mills,General Mills,General Mills,descrip_rule,high
1600064730,16000,~GM HIDDEN TREASURES,GM HIDDEN TREASURES,13.75O,13.75,oz,General Mills,General Mills,General Mills,descrip_rule,high
1600064740,16000,WHEATIES DUNKA-BALLS,WHEATIES DUNKA-BALLS,13.5OZ,13.5,oz,Unknown,General Mills,General Mills,manufacturer_block,medium
1600064760,16000,WHEATIES QUARTERBACK,WHEATIES QUARTERBACK,13.5OZ,13.5,oz,Unknown,General Mills,General Mills,manufacturer_block,medium
1600064820,16000,BASIC 4,BASIC 4,14.5 O,14.5,oz,Unknown,General Mills,General Mills,manufacturer_block,medium
1600064840,16000,BASIC 4,BASIC 4,14.8 O,14.8,oz,Unknown,General Mills,General Mills,manufacturer_block,medium
1600065110,16000,GM N.V LOWFAT GRANOL,GM N.V LOWFAT GRANOL,17 OZ,17.0,oz,General Mills,General Mills,General Mills,descrip_rule,high
1600065120,16000,B.C CINN STREUSEL CE,B.C CINN STREUSEL CE,13.75O,13.75,oz,Unknown,General Mills,General Mills,manufacturer_block,medium
1600065130,16000,BC DUTCH APPLE CEREA,BC DUTCH APPLE CEREA,16.5OZ,16.5,oz,Unknown,General Mills,General Mills,manufacturer_block,medium
1600065190,16000,CHEERIOS BND PK,CHEERIOS BND PK,30 OZ,30.0,oz,Unknown,General Mills,General Mills,manufacturer_block,medium
1600065400,16000,SMORES CRUNCH CEREAL,SMORES CRUNCH CEREAL,14 OZ,14.0,oz,Unknown,General Mills,General Mills,manufacturer_block,medium
1600065420,16000,GENERAL MILLS CLUSTE,GENERAL MILLS CLUSTE,13 OZ,13.0,oz,General Mills,General Mills,General Mills,descrip_rule,high
1600065490,16000,CLUSTERS TRIAL SIZE,CLUSTERS TRIAL SIZE,1.7OZ,1.7,oz,Unknown,General Mills,General Mills,manufacturer_block,medium
1600065600,16000,G.M. FIBER ONE,G.M. FIBER ONE,16 OZ,16.0,oz,Unknown,General Mills,General Mills,manufacturer_block,medium
1600065620,16000,G.M. FIBER ONE,G.M. FIBER ONE,16 OZ,16.0,oz,Unknown,General Mills,General Mills,manufacturer_block,medium
1600065700,16000,CINNAMON TOAST CRUNC,CINNAMON TOAST CRUNC,14 OZ,14.0,oz,Unknown,General Mills,General Mills,manufacturer_block,medium
1600065720,16000,CINNAMON TOAST CRUNC,CINNAMON TOAST CRUNC,20.3 O,20.3,oz,Unknown,General Mills,General Mills,manufacturer_block,medium
1600065727,16000,CINNAMON TOAST CRUNC,CINNAMON TOAST CRUNC,14 OZ,14.0,oz,Unknown,General Mills,General Mills,manufacturer_block,medium
1600065850,16000,WHOLE GRAIN TOTAL,WHOLE GRAIN TOTAL,12 OZ,12.0,oz,Unknown,General Mills,General Mills,manufacturer_block,medium
1600065890,16000,TOTAL,TOTAL,18 OZ,18.0,oz,Unknown,General Mills,General Mills,manufacturer_block,medium
1600065910,16000,GENERAL MILLS CLUSTE,GENERAL MILLS CLUSTE,15.5OZ,15.5,oz,General Mills,General Mills,General Mills,descrip_rule,high
1600065920,16000,GENERAL MILLS CLUSTE,GENERAL MILLS CLUSTE,15.5OZ,15.5,oz,General Mills,General Mills,General Mills,descrip_rule,high
1600065960,16000,TOTAL CORN FLAKES,TOTAL CORN FLAKES,10 OZ,10.0,oz,Unknown,General Mills,General Mills,manufacturer_block,medium
1600065980,16000,RAISIN NUT BRAN,RAISIN NUT BRAN,15 OZ,15.0,oz,Unknown,General Mills,General Mills,manufacturer_block,medium
1600065990,16000,GM RAISIN NUT BRAN,GM RAISIN NUT BRAN,20 OZ,20.0,oz,General Mills,General Mills,General Mills,descrip_rule,high
1600066110,16000,WHEATIES,WHEATIES,12 OZ,12.0,oz,Unknown,General Mills,General Mills,manufacturer_block,medium
1600066210,16000,WHEATIES,WHEATIES,18 OZ,18.0,oz,Unknown,General Mills,General Mills,manufacturer_block,medium
1600066310,16000,KIX,KIX,9 OZ,9.0,oz,Unknown,General Mills,General Mills,manufacturer_block,medium
1600066370,16000,KIX,KIX,13 OZ,13.0,oz,Unknown,General Mills,General Mills,manufacturer_block,medium
1600066510,16000,CHEERIOS,CHEERIOS,10 OZ,10.0,oz,Unknown,General Mills,General Mills,manufacturer_block,medium
1600066590,16000,HONEY NUT CHEERIOS,HONEY NUT CHEERIOS,14 OZ,14.0,oz,Unknown,General Mills,General Mills,manufacturer_block,medium
1600066610,16000,CHEERIOS,CHEERIOS,15 OZ,15.0,oz,Unknown,General Mills,General Mills,manufacturer_block,medium
1600066660,16000,CHEERIOS,CHEERIOS,20 OZ,20.0,oz,Unknown,General Mills,General Mills,manufacturer_block,medium
1600066740,16000,CHEERIOS CRAYOLA TRA,CHEERIOS CRAYOLA TRA,8.75 O,8.75,oz,Unknown,General Mills,General Mills,manufacturer_block,medium
1600066750,16000,HONEY NUT CHEERIOS,HONEY NUT CHEERIOS,20 OZ,20.0,oz,Unknown,General Mills,General Mills,manufacturer_block,medium
1600066820,16000,H.N. CHEERIOS BND PK,H.N. CHEERIOS BND PK,28 OZ,28.0,oz,Unknown,General Mills,General Mills,manufacturer_block,medium
1600066950,16000,HONEY NUT CHEERIOS,HONEY NUT CHEERIOS,27 OZ,27.0,oz,Unknown,General Mills,General Mills,manufacturer_block,medium
1600066960,16000,OATMEAL RAISIN CRISP,OATMEAL RAISIN CRISP,2.3OZ,2.3,oz,Unknown,General Mills,General Mills,manufacturer_block,medium
1600066970,16000,OATMEAL CRISP W/RAIS,OATMEAL CRISP W/RAIS,15 OZ,15.0,oz,Unknown,General Mills,General Mills,manufacturer_block,medium
1600067030,16000,OATMEAL RAISIN CRISP,OATMEAL RAISIN CRISP,20 OZ,20.0,oz,Unknown,General Mills,General Mills,manufacturer_block,medium
1600067070,16000,OATMEAL CRISP CEREAL,OATMEAL CRISP CEREAL,18.25O,18.25,oz,Unknown,General Mills,General Mills,manufacturer_block,medium
1600067110,16000,BIG G OATMEAL CRISP,BIG G OATMEAL CRISP,15.5OZ,15.5,oz,Unknown,General Mills,General Mills,manufacturer_block,medium
1600067140,16000,OATMEAL CRISP WITH A,OATMEAL CRISP WITH A,15 OZ,15.0,oz,Unknown,General Mills,General Mills,manufacturer_block,medium
1600067350,16000,BIG G TRIAL SIZE PAL,BIG G TRIAL SIZE PAL,ASSTD,,assorted,Unknown,General Mills,General Mills,manufacturer_block,medium
1600067400,16000,TRIX,TRIX,17 OZ,17.0,oz,Unknown,General Mills,General Mills,manufacturer_block,medium
1600067440,16000,TRIX,TRIX,12 OZ,12.0,oz,Unknown,General Mills,General Mills,manufacturer_block,medium
1600067460,16000,TRIX/CHEERIOS CRAYOL,TRIX/CHEERIOS CRAYOL,ASSTD,,assorted,Unknown,General Mills,General Mills,manufacturer_block,medium
1600067720,16000,BIG G TRAIL SIZE PAL,BIG G TRAIL SIZE PAL,1.0,1.0,oz,Unknown,General Mills,General Mills,manufacturer_block,medium
1600067970,16000,GOLDEN GRAHAMS,GOLDEN GRAHAMS,18 OZ,18.0,oz,Unknown,General Mills,General Mills,manufacturer_block,medium
1600068050,16000,GOLDEN GRAHAMS,GOLDEN GRAHAMS,12 OZ,12.0,oz,Unknown,General Mills,General Mills,manufacturer_block,medium
1600068090,16000,BUNUELITOS CEREAL,BUNUELITOS CEREAL,12.5OZ,12.5,oz,Unknown,General Mills,General Mills,manufacturer_block,medium
1600068100,16000,BIG G TRAIL SIZE PAL,BIG G TRAIL SIZE PAL,1.0,1.0,oz,Unknown,General Mills,General Mills,manufacturer_block,medium
1600068170,16000,COCOA PUFFS,COCOA PUFFS,12 OZ,12.0,oz,Unknown,General Mills,General Mills,manufacturer_block,medium
1600068260,16000,COCOA PUFFS,COCOA PUFFS,13.8 O,13.8,oz,Unknown,General Mills,General Mills,manufacturer_block,medium
1600068270,16000,BIG G TRIAL SIZE PAL,BIG G TRIAL SIZE PAL,ASSTD,,assorted,Unknown,General Mills,General Mills,manufacturer_block,medium
1600068290,16000,HONEY NUT CHEERIOS,HONEY NUT CHEERIOS,27 OZ,27.0,oz,Unknown,General Mills,General Mills,manufacturer_block,medium
1600068310,16000,GM TOTAL RAISIN BRAN,GM TOTAL RAISIN BRAN,13.5OZ,13.5,oz,General Mills,General Mills,General Mills,descrip_rule,high
1600068330,16000,TOTAL RAISIN BRAN,TOTAL RAISIN BRAN,20 OZ,20.0,oz,Unknown,General Mills,General Mills,manufacturer_block,medium
1600068350,16000,TOTAL RAISIN BRAN,TOTAL RAISIN BRAN,18 OZ,18.0,oz,Unknown,General Mills,General Mills,manufacturer_block,medium
1600068360,16000,TOTAL RAISIN BRAN,TOTAL RAISIN BRAN,24 OZ,24.0,oz,Unknown,General Mills,General Mills,manufacturer_block,medium
1600068450,16000,CRISPY WHEATS & RAIS,CRISPY WHEATS & RAIS,18 OZ,18.0,oz,Unknown,General Mills,General Mills,manufacturer_block,medium
1600068500,16000,BIG G TRAIL SIZE PAL,BIG G TRAIL SIZE PAL,1.0,1.0,oz,Unknown,General Mills,General Mills,manufacturer_block,medium
1600068560,16000,FRANKENBERRY CEREAL,FRANKENBERRY CEREAL,12 OZ,12.0,oz,Unknown,General Mills,General Mills,manufacturer_block,medium
1600068640,16000,COUNT CHOCULA CEREAL,COUNT CHOCULA CEREAL,12 OZ,12.0,oz,Unknown,General Mills,General Mills,manufacturer_block,medium
1600068780,16000,MULTI GRAIN CHEERIOS,MULTI GRAIN CHEERIOS,11.25O,11.25,oz,Unknown,General Mills,General Mills,manufacturer_block,medium
1600068790,16000,MULTI GRAIN CHEERIOS,MULTI GRAIN CHEERIOS,16 OZ,16.0,oz,Unknown,General Mills,General Mills,manufacturer_block,medium
1600068870,16000,LUCKY CHARMS,LUCKY CHARMS,14 OZ,14.0,oz,Unknown,General Mills,General Mills,manufacturer_block,medium
1600068879,16000,HOLIDAY LUCKY CHARMS,HOLIDAY LUCKY CHARMS,14 OZ,14.0,oz,Unknown,General Mills,General Mills,manufacturer_block,medium
1600068890,16000,LUCKY CHARMS,LUCKY CHARMS,20 OZ,20.0,oz,Unknown,General Mills,General Mills,manufacturer_block,medium
1600068920,16000,GENERAL MILLS KABOOM,GENERAL MILLS KABOOM,10 OZ,10.0,oz,General Mills,General Mills,General Mills,descrip_rule,high
1600069270,16000,HONEY NUT CHEERIOS,HONEY NUT CHEERIOS,27 OZ,27.0,oz,Unknown,General Mills,General Mills,manufacturer_block,medium
1600069320,16000,GOLDEN GRAHAMS,GOLDEN GRAHAMS,13 OZ,13.0,oz,Unknown,General Mills,General Mills,manufacturer_block,medium
1600069750,16000,~TEAM USA CHERRIOS (,TEAM USA CHERRIOS (,13 OZ,13.0,oz,Unknown,General Mills,General Mills,manufacturer_block,medium
1600069820,16000,GEN MLLS FRENCH TOAS,GEN MLLS FRENCH TOAS,15.75O,15.75,oz,Unknown,General Mills,General Mills,manufacturer_block,medium
1600069880,16000,SINGLE VARIETY PACK,SINGLE VARIETY PACK,6 OZ,6.0,oz,Unknown,General Mills,General Mills,manufacturer_block,medium
1600069900,16000,HONEY TOASTED OAT FI,HONEY TOASTED OAT FI,9 OZ,9.0,oz,Unknown,General Mills,General Mills,manufacturer_block,medium
1600069910,16000,CINNAMON FINGOS,CINNAMON FINGOS,8.25 O,8.25,oz,Unknown,General Mills,General Mills,manufacturer_block,medium
1600081570,16000,GM JURASSIC CRUNCH C,GM JURASSIC CRUNCH C,11.25O,11.25,oz,General Mills,General Mills,General Mills,descrip_rule,high
1600084320,16000,FROSTED CHEERIOS,FROSTED CHEERIOS,28 OZ,28.0,oz,Unknown,General Mills,General Mills,manufacturer_block,medium
1600085920,16000,HONEY NUT CLUSTERS,HONEY NUT CLUSTERS,17.2 O,17.2,oz,Unknown,General Mills,General Mills,manufacturer_block,medium
1600085930,16000,BIG G TRIAL SIZE PAL,BIG G TRIAL SIZE PAL,ASSTD,,assorted,Unknown,General Mills,General Mills,manufacturer_block,medium
1600085970,16000,~RAISIN NUT BRAN,RAISIN NUT BRAN,14.5 O,14.5,oz,Unknown,General Mills,General Mills,manufacturer_block,medium
1600086980,16000,GM RAISIN NUT BRAN,GM RAISIN NUT BRAN,21 OZ,21.0,oz,General Mills,General Mills,General Mills,descrip_rule,high
1600087030,16000,GM OATMEAL RAISIN CR,GM OATMEAL RAISIN CR,21.5 O,21.5,oz,General Mills,General Mills,General Mills,descrip_rule,high
1600087110,16000,BIG G OATMEAL CRISP,BIG G OATMEAL CRISP,16.8 O,16.8,oz,Unknown,General Mills,General Mills,manufacturer_block,medium
1600087140,16000,GM OATMEAL CRISP W/A,GM OATMEAL CRISP W/A,16.4,16.4,oz,General Mills,General Mills,General Mills,descrip_rule,high
1600087980,16000,OATMEAL CRISP W/RAIS,OATMEAL CRISP W/RAIS,16 OZ,16.0,oz,Unknown,General Mills,General Mills,manufacturer_block,medium
1600094840,16000,GENERAL MILLS BASIC,GENERAL MILLS BASIC,16.2 O,16.2,oz,General Mills,General Mills,General Mills,descrip_rule,high
1600097110,16000,GM OATML RSN CRSP AP,GM OATML RSN CRSP AP,17.5 O,17.5,oz,General Mills,General Mills,General Mills,descrip_rule,high
1600097140,16000,GM OATML RSN CRSP AL,GM OATML RSN CRSP AL,17.5 O,17.5,oz,General Mills,General Mills,General Mills,descrip_rule,high
1600097980,16000,GM OATML RSN CRSP RA,GM OATML RSN CRSP RA,19.25,19.25,oz,General Mills,General Mills,General Mills,descrip_rule,high
1780000072,17800,DOUBLE CHEX PP .39Õ,DOUBLE CHEX PP .39Õ,1 OZ,1.0,oz,Unknown,Ralston,Ralston,manufacturer_block,medium
1780010207,17800,~RALSTON BANANA WALN,RALSTON BANANA WALN,13.5OZ,13.5,oz,Ralston,Ralston,Ralston,descrip_rule,high
1780010304,17800,MUESLI APPLE ALMOND,MUESLI APPLE ALMOND,13.5OZ,13.5,oz,Unknown,Ralston,Ralston,manufacturer_block,medium
1780010320,17800,MUESLI W/CRANBERRIES,MUESLI W/CRANBERRIES,3 OZ,3.0,oz,Unknown,Ralston,Ralston,manufacturer_block,medium
1780010359,17800,~MUESLI W/ CRANBERRI,MUESLI W/ CRANBERRI,13.5OZ,13.5,oz,Unknown,Ralston,Ralston,manufacturer_block,medium
1780010375,17800,RALSTON MUESLI RAISI,RALSTON MUESLI RAISI,13.5OZ,13.5,oz,Ralston,Ralston,Ralston,descrip_rule,high
1780010508,17800,RALSTON MORNING FUNN,RALSTON MORNING FUNN,14 OZ,14.0,oz,Ralston,Ralston,Ralston,descrip_rule,high
1780010537,17800,~RASPBERRY ALMOND MU,RASPBERRY ALMOND MU,13.5OZ,13.5,oz,Unknown,Ralston,Ralston,manufacturer_block,medium
1780010605,17800,~MUESLI STRAWBERRY P,MUESLI STRAWBERRY P,13.5OZ,13.5,oz,Unknown,Ralston,Ralston,manufacturer_block,medium
1780010618,17800,RALSTON BLBRY PECAN,RALSTON BLBRY PECAN,13.5OZ,13.5,oz,Ralston,Ralston,Ralston,descrip_rule,high
1780013097,17800,HONEY ALMOND DELIGHT,HONEY ALMOND DELIGHT,1.2 OZ,1.2,oz,Unknown,Ralston,Ralston,manufacturer_block,medium
1780013136,17800,ALMOND DELIGHT BONUS,ALMOND DELIGHT BONUS,18 OZ,18.0,oz,Unknown,Ralston,Ralston,manufacturer_block,medium
1780013217,17800,~HONEY ALMOND DELIGH,HONEY ALMOND DELIGH,15 OZ,15.0,oz,Unknown,Ralston,Ralston,manufacturer_block,medium
1780013709,17800,~RALSTON GRAHAM CHX,RALSTON GRAHAM CHX,15.5OZ,15.5,oz,Ralston,Ralston,Ralston,descrip_rule,high
1780013741,17800,GRAHAM CHEX 40% BONU,GRAHAM CHEX 40% BONU,21.7 O,21.7,oz,Unknown,Ralston,Ralston,manufacturer_block,medium
1780013806,17800,JETSON CEREAL,JETSON CEREAL,14 OZ,14.0,oz,Unknown,Ralston,Ralston,manufacturer_block,medium
1780014216,17800,BILL & TED'S CEREAL,BILL & TED'S CEREAL,12.5OZ,12.5,oz,Unknown,Ralston,Ralston,manufacturer_block,medium
1780014313,17800,URKEL-O'S CEREAL,URKEL-O'S CEREAL,11 OZ,11.0,oz,Unknown,Ralston,Ralston,manufacturer_block,medium
1780014407,17800,OAT BRAN OPTIONS,OAT BRAN OPTIONS,17 OZ,17.0,oz,Unknown,Ralston,Ralston,manufacturer_block,medium
1780014478,17800,OAT BRAN OPTIONS SHI,OAT BRAN OPTIONS SHI,1.45 O,1.45,oz,Unknown,Ralston,Ralston,manufacturer_block,medium
1780014601,17800,RALSTON RICE BRAN OP,RALSTON RICE BRAN OP,17 OZ,17.0,oz,Ralston,Ralston,Ralston,descrip_rule,high
1780014834,17800,RALSTON DOUBLE CHEX,RALSTON DOUBLE CHEX,19.25Z,19.25,oz,Ralston,Ralston,Ralston,descrip_rule,high
1780014973,17800,RALSTON DOUBLE CHEX,RALSTON DOUBLE CHEX,19.25Z,19.25,oz,Ralston,Ralston,Ralston,descrip_rule,high
1780014986,17800,RALSTON DOUBLE CHEX,RALSTON DOUBLE CHEX,13.75O,13.75,oz,Ralston,Ralston,Ralston,descrip_rule,high
1780015011,17800,RALSTON/WHEAT CHEX,RALSTON/WHEAT CHEX,16 OZ,16.0,oz,Ralston,Ralston,Ralston,descrip_rule,high
1780015260,17800,RALSTON/WHEAT CHEX,RALSTON/WHEAT CHEX,16 OZ,16.0,oz,Ralston,Ralston,Ralston,descrip_rule,high
1780015707,17800,HOT WHEELS CEREAL,HOT WHEELS CEREAL,14 OZ,14.0,oz,Unknown,Ralston,Ralston,manufacturer_block,medium
1780016023,17800,GHOST BUSTERS II CER,GHOST BUSTERS II CER,14 OZ,14.0,oz,Unknown,Ralston,Ralston,manufacturer_block,medium
1780016049,17800,RALSTON OAT BRAN,RALSTON OAT BRAN,14 OZ,14.0,oz,Ralston,Ralston,Ralston,descrip_rule,high
1780016201,17800,HONEY NUT OAT CHEX,HONEY NUT OAT CHEX,16 OZ,16.0,oz,Unknown,Ralston,Ralston,manufacturer_block,medium
1780016308,17800,BATMAN CEREAL,BATMAN CEREAL,14 OZ,14.0,oz,Unknown,Ralston,Ralston,manufacturer_block,medium
1780016311,17800,BATMAN RETURNS CEREA,BATMAN RETURNS CEREA,12.5OZ,12.5,oz,Unknown,Ralston,Ralston,manufacturer_block,medium
1780016502,17800,NINTENDO CEREAL,NINTENDO CEREAL,13 OZ,13.0,oz,Unknown,Ralston,Ralston,manufacturer_block,medium
1780016515,17800,PRINCE OF THIEVES CE,PRINCE OF THIEVES CE,11.5 O,11.5,oz,Unknown,Ralston,Ralston,manufacturer_block,medium
1780016609,17800,BRKFAST WITH BARBIE,BRKFAST WITH BARBIE,14 OZ,14.0,oz,Unknown,Ralston,Ralston,manufacturer_block,medium
1780016900,17800,RALSTON HONEY GRAHAM,RALSTON HONEY GRAHAM,14 OZ,14.0,oz,Ralston,Ralston,Ralston,descrip_rule,high
1780017307,17800,BREAKFAST ON THE RUN,BREAKFAST ON THE RUN,1.25 O,1.25,oz,Unknown,Ralston,Ralston,manufacturer_block,medium
1780017909,17800,ADDAMS FAMILY CEREAL,ADDAMS FAMILY CEREAL,11 OZ,11.0,oz,Unknown,Ralston,Ralston,manufacturer_block,medium
1780018270,17800,RALSTON RICE CHEX,RALSTON RICE CHEX,12 OZ,12.0,oz,Ralston,Ralston,Ralston,descrip_rule,high
1780018429,17800,FROSTED RICE CHEX JU,FROSTED RICE CHEX JU,12.5OZ,12.5,oz,Unknown,Ralston,Ralston,manufacturer_block,medium
1780018704,17800,TEENAGE MUTANT NINJA,TEENAGE MUTANT NINJA,12.5OZ,12.5,oz,Unknown,Ralston,Ralston,manufacturer_block,medium
1780018982,17800,COOKIE CRISP CHOCOLA,COOKIE CRISP CHOCOLA,11 OZ,11.0,oz,Unknown,Ralston,Ralston,manufacturer_block,medium
1780019062,17800,MULTI BRAN CHEX BONU,MULTI BRAN CHEX BONU,19.2 O,19.2,oz,Unknown,Ralston,Ralston,manufacturer_block,medium
1780019091,17800,RALSTON BRAN CHEX,RALSTON BRAN CHEX,16 OZ,16.0,oz,Ralston,Ralston,Ralston,descrip_rule,high
1780019266,17800,RALSTON CORN CHEX,RALSTON CORN CHEX,12 OZ,12.0,oz,Ralston,Ralston,Ralston,descrip_rule,high
1780019538,17800,BREAKFAST ON THE RUN,BREAKFAST ON THE RUN,1.25 O,1.25,oz,Unknown,Ralston,Ralston,manufacturer_block,medium
1780019541,17800,RALSTON CORN CHEX,RALSTON CORN CHEX,12 OZ,12.0,oz,Ralston,Ralston,Ralston,descrip_rule,high
1780030180,17800,BREAKFAST ON THE RUN,BREAKFAST ON THE RUN,1.25 O,1.25,oz,Unknown,Ralston,Ralston,manufacturer_block,medium
1862702345,18627,KASHI PUFFED CEREAL,KASHI PUFFED CEREAL,7.5 OZ,7.5,oz,Unknown,Unknown,Unknown,unknown,low
1862702346,18627,KASHI MEDLEY CEREAL,KASHI MEDLEY CEREAL,14 OZ,14.0,oz,Unknown,Unknown,Unknown,unknown,low
1862702349,18627,HONEY PUFFED KASHI,HONEY PUFFED KASHI,11.25O,11.25,oz,Unknown,Unknown,Unknown,unknown,low
2430003155,24300,SUNBELT BERRY BASIC,SUNBELT BERRY BASIC,12 OZ,12.0,oz,Unknown,Unknown,Unknown,unknown,low
2430003165,24300,SUNBELT GRANOLA CERE,SUNBELT GRANOLA CERE,16 OZ,16.0,oz,Unknown,Unknown,Unknown,unknown,low
2430003175,24300,SUNBELT MUESLI CEREA,SUNBELT MUESLI CEREA,14 OZ,14.0,oz,Unknown,Unknown,Unknown,unknown,low
2480000119,24800,KRETSCHMER WHEAT GER,KRETSCHMER WHEAT GER,12 OZ,12.0,oz,Unknown,Unknown,Unknown,unknown,low
3000001680,30000,QUAKER RTE OAT BRAN,QUAKER RTE OAT BRAN,15.5OZ,15.5,oz,Quaker,Quaker,Quaker,descrip_rule,high
3000002150,30000,QUAKER HONEY CRNCH R,QUAKER HONEY CRNCH R,13 OZ,13.0,oz,Quaker,Quaker,Quaker,descrip_rule,high
3000002350,30000,KRETCHMER HONEY WHT,KRETCHMER HONEY WHT,10 OZ,10.0,oz,Unknown,Quaker,Quaker,manufacturer_block,medium
3000002360,30000,QUAKER OATS PLUS FIB,QUAKER OATS PLUS FIB,19 OZ,19.0,oz,Quaker,Quaker,Quaker,descrip_rule,high
3000002380,30000,QUAKER OATS FIBER RA,QUAKER OATS FIBER RA,12.8 O,12.8,oz,Quaker,Quaker,Quaker,descrip_rule,high
3000002390,30000,QUAKER MULTIGRAIN,QUAKER MULTIGRAIN,18 OZ,18.0,oz,Quaker,Quaker,Quaker,descrip_rule,high
3000002550,30000,QUAKER TOASTED OATME,QUAKER TOASTED OATME,16 OZ,16.0,oz,Quaker,Quaker,Quaker,descrip_rule,high
3000002580,30000,QUAKER TOASTED OATME,QUAKER TOASTED OATME,16 OZ,16.0,oz,Quaker,Quaker,Quaker,descrip_rule,high
3000002720,30000,KRETCHMER TOASTED WH,KRETCHMER TOASTED WH,12 OZ,12.0,oz,Unknown,Quaker,Quaker,manufacturer_block,medium
3000002810,30000,QUAKER TINY TOON CER,QUAKER TINY TOON CER,9 OZ,9.0,oz,Quaker,Quaker,Quaker,descrip_rule,high
3000004340,30000,CAP'N CRNCH BERRIES,CAP'N CRNCH BERRIES,21 OZ,21.0,oz,Unknown,Quaker,Quaker,manufacturer_block,medium
3000004350,30000,CAP'N CRUNCH CHRISTM,CAP'N CRUNCH CHRISTM,15 OZ,15.0,oz,Unknown,Quaker,Quaker,manufacturer_block,medium
3000006020,30000,~HOME RUN CRUNCH,HOME RUN CRUNCH,18.7 O,18.7,oz,Unknown,Quaker,Quaker,manufacturer_block,medium
3000006080,30000,QUAKER LIFE CINNAMON,QUAKER LIFE CINNAMON,23 OZ,23.0,oz,Quaker,Quaker,Quaker,descrip_rule,high
3000006110,30000,QUAKER LIFE CEREAL,QUAKER LIFE CEREAL,23 OZ,23.0,oz,Quaker,Quaker,Quaker,descrip_rule,high
3000006140,30000,QUAKER  JUMBO CRUNCH,QUAKER  JUMBO CRUNCH,21 OZ,21.0,oz,Quaker,Quaker,Quaker,descrip_rule,high
3000006150,30000,QUAKER CINAMON OAT S,QUAKER CINAMON OAT S,16 OZ,16.0,oz,Quaker,Quaker,Quaker,descrip_rule,high
3000006151,30000,QUAKER OAT SQUARES B,QUAKER OAT SQUARES B,32 OZ,32.0,oz,Quaker,Quaker,Quaker,descrip_rule,high
3000006190,30000,QUAKER PUFFED RICE,QUAKER PUFFED RICE,7 OZ,7.0,oz,Quaker,Quaker,Quaker,descrip_rule,high
3000006200,30000,CAPTAIN CRUNCH JUMBO,CAPTAIN CRUNCH JUMBO,20 OZ,20.0,oz,Unknown,Quaker,Quaker,manufacturer_block,medium
3000006201,30000,CAP'N CRUNCH 50[ OFF,CAP'N CRUNCH 50[ OFF,20 OZ,20.0,oz,Unknown,Quaker,Quaker,manufacturer_block,medium
3000006230,30000,CAP N CRUNCH DEEP SE,CAP N CRUNCH DEEP SE,15 OZ,15.0,oz,Unknown,Quaker,Quaker,manufacturer_block,medium
3000006300,30000,CAPTAIN CRUNCH JUMBO,CAPTAIN CRUNCH JUMBO,22 OZ,22.0,oz,Unknown,Quaker,Quaker,manufacturer_block,medium
3000006400,30000,QUAKER JUMBO OAT SQU,QUAKER JUMBO OAT SQU,26 OZ,26.0,oz,Quaker,Quaker,Quaker,descrip_rule,high
3000006410,30000,QUAKER PUFFED WHEAT,QUAKER PUFFED WHEAT,6 OZ,6.0,oz,Quaker,Quaker,Quaker,descrip_rule,high
3000006430,30000,QUAKER OAT SQUARES,QUAKER OAT SQUARES,16 OZ,16.0,oz,Quaker,Quaker,Quaker,descrip_rule,high
3000006500,30000,QUAKER P.B. CAPTAIN,QUAKER P.B. CAPTAIN,15 OZ,15.0,oz,Quaker,Quaker,Quaker,descrip_rule,high
3000006560,30000,CAPN CRUNCH JUMBO CR,CAPN CRUNCH JUMBO CR,15 OZ,15.0,oz,Unknown,Quaker,Quaker,manufacturer_block,medium
3000006570,30000,QUAKER JUMBO OAT SQU,QUAKER JUMBO OAT SQU,26 OZ,26.0,oz,Quaker,Quaker,Quaker,descrip_rule,high
3000006610,30000,CAPN CRUNCH CEREAL,CAPN CRUNCH CEREAL,16 OZ,16.0,oz,Unknown,Quaker,Quaker,manufacturer_block,medium
3000006700,30000,QUAKER 100% CEREAL-O,QUAKER 100% CEREAL-O,32 OZ,32.0,oz,Quaker,Quaker,Quaker,descrip_rule,high
3000006720,30000,QUAKER 100% CEREAL H,QUAKER 100% CEREAL H,32 OZ,32.0,oz,Quaker,Quaker,Quaker,descrip_rule,high
3000006740,30000,QUAKER NATURAL LOWFA,QUAKER NATURAL LOWFA,15.5 O,15.5,oz,Quaker,Quaker,Quaker,descrip_rule,high
3000006750,30000,QUAKER 100% NATURAL,QUAKER 100% NATURAL,29 OZ,29.0,oz,Quaker,Quaker,Quaker,descrip_rule,high
3000006760,30000,QUAKER 100% NATURAL,QUAKER 100% NATURAL,16 OZ,16.0,oz,Quaker,Quaker,Quaker,descrip_rule,high
3000006780,30000,QUAKER 100% CEREAL H,QUAKER 100% CEREAL H,16 OZ,16.0,oz,Quaker,Quaker,Quaker,descrip_rule,high
3000006860,30000,QKR CRNCHY CORN BRAN,QKR CRNCHY CORN BRAN,16 OZ,16.0,oz,Quaker,Quaker,Quaker,descrip_rule,high
3000006870,30000,QUAKER CRUNCHY BRAN,QUAKER CRUNCHY BRAN,12 OZ,12.0,oz,Quaker,Quaker,Quaker,descrip_rule,high
3000006920,30000,QUAKER TRIPLE CRUNCH,QUAKER TRIPLE CRUNCH,18 OZ,18.0,oz,Quaker,Quaker,Quaker,descrip_rule,high
3000006990,30000,QUAKER RICE BRAN,QUAKER RICE BRAN,13.75O,13.75,oz,Quaker,Quaker,Quaker,descrip_rule,high
3000007800,30000,QUAKER OH'S APL/CIN,QUAKER OH'S APL/CIN,12.7 O,12.7,oz,Quaker,Quaker,Quaker,descrip_rule,high
3000007830,30000,QUAKER OH'S CRUNCHY,QUAKER OH'S CRUNCHY,12.75,12.75,oz,Quaker,Quaker,Quaker,descrip_rule,high
3000007840,30000,QUAKER OH'S HONEY GR,QUAKER OH'S HONEY GR,12 OZ,12.0,oz,Quaker,Quaker,Quaker,descrip_rule,high
3000020123,30000,MOTHER'S OAT BRAN HO,MOTHER'S OAT BRAN HO,16 OZ,16.0,oz,Unknown,Quaker,Quaker,manufacturer_block,medium
3000034855,30000,$QUAKER APPLE ZAPS,QUAKER APPLE ZAPS,14 OZ,14.0,oz,Quaker,Quaker,Quaker,descrip_rule,high
3000034860,30000,$QUAKER SWEET CRUNCH,QUAKER SWEET CRUNCH,16 OZ,16.0,oz,Quaker,Quaker,Quaker,descrip_rule,high
3000034861,30000,QUAKER SWEET PUFFS,QUAKER SWEET PUFFS,18 OZ,18.0,oz,Quaker,Quaker,Quaker,descrip_rule,high
3000034862,30000,QUAKER COCOA BLASTS,QUAKER COCOA BLASTS,13 OZ,13.0,oz,Quaker,Quaker,Quaker,descrip_rule,high
3000034863,30000,QKR BAGGED CEREAL-FR,QKR BAGGED CEREAL-FR,14 OZ,14.0,oz,Quaker,Quaker,Quaker,descrip_rule,high
3000043338,30000,QUAKER LIFE CEREAL T,QUAKER LIFE CEREAL T,1 OZ,1.0,oz,Quaker,Quaker,Quaker,descrip_rule,high
3000043344,30000,LIFE CEREALS,LIFE CEREALS,1 OZ,1.0,oz,Unknown,Quaker,Quaker,manufacturer_block,medium
3680011885,36800,W.C. X-RAISIN BRAN C,W.C. X-RAISIN BRAN C,20 OZ,20.0,oz,Unknown,Unknown,Unknown,unknown,low
3800000000,38000,RICE KRISPIES HOLIDA,RICE KRISPIES HOLIDA,15 OZ,15.0,oz,Unknown,Kellogg's,Kellogg's,manufacturer_block,medium
3800000101,38000,~KELLOGGS CORN FLAKE,KELLOGGS CORN FLAKE,7 OZ,7.0,oz,Kellogg's,Kellogg's,Kellogg's,descrip_rule,high
3800000110,38000,KELLOGGS CORN FLAKES,KELLOGGS CORN FLAKES,12 OZ,12.0,oz,Kellogg's,Kellogg's,Kellogg's,descrip_rule,high
3800000111,38000,KELLOGG'S CORN FLAKE,KELLOGG'S CORN FLAKE,11.9OZ,11.9,oz,Kellogg's,Kellogg's,Kellogg's,descrip_rule,high
3800000120,38000,KELLOGGS CORN FLAKES,KELLOGGS CORN FLAKES,18 OZ,18.0,oz,Kellogg's,Kellogg's,Kellogg's,descrip_rule,high
3800000127,38000,KELLOGGS CORN FLAKE,KELLOGGS CORN FLAKE,24 OZ,24.0,oz,Kellogg's,Kellogg's,Kellogg's,descrip_rule,high
3800000311,38000,~KELLOGG'S FRSTD RIC,KELLOGG'S FRSTD RIC,14 OZ,14.0,oz,Kellogg's,Kellogg's,Kellogg's,descrip_rule,high
3800000401,38000,KELLOGGS NUT & HONEY,KELLOGGS NUT & HONEY,16 OZ,16.0,oz,Kellogg's,Kellogg's,Kellogg's,descrip_rule,high
3800000510,38000,KELLOGGS RICE KRISPI,KELLOGGS RICE KRISPI,10 OZ,10.0,oz,Kellogg's,Kellogg's,Kellogg's,descrip_rule,high
3800000520,38000,KELLOGGS RICE KRISPI,KELLOGGS RICE KRISPI,15 OZ,15.0,oz,Kellogg's,Kellogg's,Kellogg's,descrip_rule,high
3800000535,38000,KELLOGGS RICE KRISPI,KELLOGGS RICE KRISPI,19 OZ,19.0,oz,Kellogg's,Kellogg's,Kellogg's,descrip_rule,high
3800000600,38000,~KELLOGG BRAN FLAKES,KELLOGG BRAN FLAKES,17.3 O,17.3,oz,Kellogg's,Kellogg's,Kellogg's,descrip_rule,high
3800000611,38000,KELLOGGS BRAN FLAKES,KELLOGGS BRAN FLAKES,16 OZ,16.0,oz,Kellogg's,Kellogg's,Kellogg's,descrip_rule,high
3800000640,38000,~KELL COMPLETE BRAN,KELL COMPLETE BRAN,12 OZ,12.0,oz,Kellogg's,Kellogg's,Kellogg's,descrip_rule,high
3800000801,38000,KELLOGGS RAISIN BRAN,KELLOGGS RAISIN BRAN,10.5OZ,10.5,oz,Kellogg's,Kellogg's,Kellogg's,descrip_rule,high
3800000810,38000,KELLOGGS RAISIN BRAN,KELLOGGS RAISIN BRAN,15 OZ,15.0,oz,Kellogg's,Kellogg's,Kellogg's,descrip_rule,high
3800000820,38000,KELLOGG'S RAISIN BRA,KELLOGG'S RAISIN BRA,20 OZ,20.0,oz,Kellogg's,Kellogg's,Kellogg's,descrip_rule,high
3800000828,38000,KELLOGGS RAISIN BRAN,KELLOGGS RAISIN BRAN,25.5 O,25.5,oz,Kellogg's,Kellogg's,Kellogg's,descrip_rule,high
3800000900,38000,KELLOGGS APPLE CINNA,KELLOGGS APPLE CINNA,16.5OZ,16.5,oz,Kellogg's,Kellogg's,Kellogg's,descrip_rule,high
3800001003,38000,KELLOGG'S CORN POPS,KELLOGG'S CORN POPS,10.9 O,10.9,oz,Kellogg's,Kellogg's,Kellogg's,descrip_rule,high
3800001004,38000,KELLOGG CORN POPS P.,KELLOGG CORN POPS P.,13 OZ,13.0,oz,Kellogg's,Kellogg's,Kellogg's,descrip_rule,high
3800001011,38000,KELLOGGS CORN POPS,KELLOGGS CORN POPS,15 OZ,15.0,oz,Kellogg's,Kellogg's,Kellogg's,descrip_rule,high
3800001070,38000,KELLOGG'S CORN POPS,KELLOGG'S CORN POPS,18.8 O,18.8,oz,Kellogg's,Kellogg's,Kellogg's,descrip_rule,high
3800001111,38000,KELLOGGS COCOA KRISP,KELLOGGS COCOA KRISP,15 OZ,15.0,oz,Kellogg's,Kellogg's,Kellogg's,descrip_rule,high
3800001203,38000,KELLOGG'S HONEY SMAC,KELLOGG'S HONEY SMAC,13.1 O,13.1,oz,Kellogg's,Kellogg's,Kellogg's,descrip_rule,high
3800001210,38000,KELLOGGS HONEY SMACK,KELLOGGS HONEY SMACK,17.6 O,17.6,oz,Kellogg's,Kellogg's,Kellogg's,descrip_rule,high
3800001211,38000,KELLOGGS HONEY SMACK,KELLOGGS HONEY SMACK,17.6 O,17.6,oz,Kellogg's,Kellogg's,Kellogg's,descrip_rule,high
3800001411,38000,KELLOGGS ALL BRAN,KELLOGGS ALL BRAN,18.3 O,18.3,oz,Kellogg's,Kellogg's,Kellogg's,descrip_rule,high
3800001500,38000,KELLOGGS SUGAR FROST,KELLOGGS SUGAR FROST,10 OZ,10.0,oz,Kellogg's,Kellogg's,Kellogg's,descrip_rule,high
3800001510,38000,KELLOGG'S FROSTED FL,KELLOGG'S FROSTED FL,15 OZ,15.0,oz,Kellogg's,Kellogg's,Kellogg's,descrip_rule,high
3800001520,38000,KELLOGG'S FROSTED FL,KELLOGG'S FROSTED FL,20 OZ,20.0,oz,Kellogg's,Kellogg's,Kellogg's,descrip_rule,high
3800001527,38000,KELLOGG'S FROSTED FL,KELLOGG'S FROSTED FL,25 OZ,25.0,oz,Kellogg's,Kellogg's,Kellogg's,descrip_rule,high
3800001532,38000,KELLOGG FROSTED FLAK,KELLOGG FROSTED FLAK,31 OZ,31.0,oz,Kellogg's,Kellogg's,Kellogg's,descrip_rule,high
3800001611,38000,KELLOGGS SPECIAL K,KELLOGGS SPECIAL K,12 OZ,12.0,oz,Kellogg's,Kellogg's,Kellogg's,descrip_rule,high
3800001621,38000,KELLOGGS SPECIAL K,KELLOGGS SPECIAL K,18 OZ,18.0,oz,Kellogg's,Kellogg's,Kellogg's,descrip_rule,high
3800001630,38000,KELLOGG'S SPEC-K-HAN,KELLOGG'S SPEC-K-HAN,5 OZ,5.0,oz,Kellogg's,Kellogg's,Kellogg's,descrip_rule,high
3800001631,38000,KELLOGG'S SPEC-K-HAN,KELLOGG'S SPEC-K-HAN,5 OZ,5.0,oz,Kellogg's,Kellogg's,Kellogg's,descrip_rule,high
3800001710,38000,KELLOGG FROOT LOOPS,KELLOGG FROOT LOOPS,11 OZ,11.0,oz,Kellogg's,Kellogg's,Kellogg's,descrip_rule,high
3800001711,38000,KELL FROOT LOOPS PP$,KELL FROOT LOOPS PP,10.9 O,10.9,oz,Kellogg's,Kellogg's,Kellogg's,descrip_rule,high
3800001720,38000,KELLOGGS FRUIT LOOPS,KELLOGGS FRUIT LOOPS,15 OZ,15.0,oz,Kellogg's,Kellogg's,Kellogg's,descrip_rule,high
3800001727,38000,KELLOGGS FRUIT LOOPS,KELLOGGS FRUIT LOOPS,19.7 O,19.7,oz,Kellogg's,Kellogg's,Kellogg's,descrip_rule,high
3800001744,38000,FRUIT LOOPS SHIPPER,FRUIT LOOPS SHIPPER,1 OZ,1.0,oz,Unknown,Kellogg's,Kellogg's,manufacturer_block,medium
3800001912,38000,KELLOGGS PRODUCT 19,KELLOGGS PRODUCT 19,12 OZ,12.0,oz,Kellogg's,Kellogg's,Kellogg's,descrip_rule,high
3800002400,38000,KELLOGGS STRAWBERRY,KELLOGGS STRAWBERRY,16.5OZ,16.5,oz,Kellogg's,Kellogg's,Kellogg's,descrip_rule,high
3800002720,38000,KLLGG SGR FRSTD MINI,KLLGG SGR FRSTD MINI,16 OZ,16.0,oz,Unknown,Kellogg's,Kellogg's,manufacturer_block,medium
3800002727,38000,KELLOGG FROSTED MINI,KELLOGG FROSTED MINI,20.4 O,20.4,oz,Kellogg's,Kellogg's,Kellogg's,descrip_rule,high
3800002910,38000,KELLOGG'S APPLE JACK,KELLOGG'S APPLE JACK,11 OZ,11.0,oz,Kellogg's,Kellogg's,Kellogg's,descrip_rule,high
3800002911,38000,KELL APPLE JACKS PP,KELL APPLE JACKS PP,10.9 O,10.9,oz,Kellogg's,Kellogg's,Kellogg's,descrip_rule,high
3800002920,38000,KELLOGGS APPLE JACKS,KELLOGGS APPLE JACKS,15 OZ,15.0,oz,Kellogg's,Kellogg's,Kellogg's,descrip_rule,high
3800002970,38000,KELLOGGS APPLE JACKS,KELLOGGS APPLE JACKS,19.1,19.1,oz,Kellogg's,Kellogg's,Kellogg's,descrip_rule,high
3800003301,38000,KELLOGGS FRUITY MRSH,KELLOGGS FRUITY MRSH,14 OZ,14.0,oz,Kellogg's,Kellogg's,Kellogg's,descrip_rule,high
3800003500,38000,KELLOGG'S CRISPIX,KELLOGG'S CRISPIX,end,,invalid,Kellogg's,Kellogg's,Kellogg's,descrip_rule,high
3800003510,38000,KELLOGGS CRISPIX,KELLOGGS CRISPIX,17.9 O,17.9,oz,Kellogg's,Kellogg's,Kellogg's,descrip_rule,high
3800003530,38000,KELLOGG'S CRISPIX,KELLOGG'S CRISPIX,12 OZ,12.0,oz,Kellogg's,Kellogg's,Kellogg's,descrip_rule,high
3800003700,38000,KELLOGS RAISIN SQUAR,KELLOGS RAISIN SQUAR,16.5OZ,16.5,oz,Kellogg's,Kellogg's,Kellogg's,descrip_rule,high
3800003771,38000,KELL RAISIN SQUARE S,KELL RAISIN SQUARE S,1 OZ,1.0,oz,Kellogg's,Kellogg's,Kellogg's,descrip_rule,high
3800003801,38000,KELLOGGS FRUITFUL BR,KELLOGGS FRUITFUL BR,15 OZ,15.0,oz,Kellogg's,Kellogg's,Kellogg's,descrip_rule,high
3800003802,38000,KELLOGGS FRUITFUL BR,KELLOGGS FRUITFUL BR,15 OZ,15.0,oz,Kellogg's,Kellogg's,Kellogg's,descrip_rule,high
3800003900,38000,KELLOGGS APPLE RAISI,KELLOGGS APPLE RAISI,13 OZ,13.0,oz,Kellogg's,Kellogg's,Kellogg's,descrip_rule,high
3800004001,38000,KELLOGGS ALL BRAN EX,KELLOGGS ALL BRAN EX,11.4 O,11.4,oz,Kellogg's,Kellogg's,Kellogg's,descrip_rule,high
3800004100,38000,KELLOGGS JUST RT FRT,KELLOGGS JUST RT FRT,20 OZ,20.0,oz,Kellogg's,Kellogg's,Kellogg's,descrip_rule,high
3800004110,38000,KELLOGGS JUST RT FRT,KELLOGGS JUST RT FRT,14.1 O,14.1,oz,Kellogg's,Kellogg's,Kellogg's,descrip_rule,high
3800004120,38000,KELLOGGS JUST RT FRT,KELLOGGS JUST RT FRT,20 OZ,20.0,oz,Kellogg's,Kellogg's,Kellogg's,descrip_rule,high
3800004170,38000,KELLOGGS JUST RT FRT,KELLOGGS JUST RT FRT,20 OZ,20.0,oz,Kellogg's,Kellogg's,Kellogg's,descrip_rule,high
3800004210,38000,KELLOGGS JUST RIGHT,KELLOGGS JUST RIGHT,11 OZ,11.0,oz,Kellogg's,Kellogg's,Kellogg's,descrip_rule,high
3800004220,38000,KLG JST RT FIBER NGT,KLG JST RT FIBER NGT,15.7 O,15.7,oz,Unknown,Kellogg's,Kellogg's,manufacturer_block,medium
3800004270,38000,KLG JST RT FIBER NGT,KLG JST RT FIBER NGT,15.7 O,15.7,oz,Unknown,Kellogg's,Kellogg's,manufacturer_block,medium
3800004510,38000,KELLOGG'S CRACKLIN O,KELLOGG'S CRACKLIN O,14 OZ,14.0,oz,Kellogg's,Kellogg's,Kellogg's,descrip_rule,high
3800004511,38000,~KELLOGGS CRACKLIN O,KELLOGGS CRACKLIN O,20 OZ,20.0,oz,Kellogg's,Kellogg's,Kellogg's,descrip_rule,high
3800004530,38000,KELLOGGS CRACKLIN OA,KELLOGGS CRACKLIN OA,17 OZ,17.0,oz,Kellogg's,Kellogg's,Kellogg's,descrip_rule,high
3800004900,38000,BITE SIZE FRSTD MINI,BITE SIZE FRSTD MINI,19 OZ,19.0,oz,Unknown,Kellogg's,Kellogg's,manufacturer_block,medium
3800004920,38000,KELL FROST MINI WHTS,KELL FROST MINI WHTS,24 OZ,24.0,oz,Kellogg's,Kellogg's,Kellogg's,descrip_rule,high
3800004972,38000,KELLOGGS MINI WHEATS,KELLOGGS MINI WHEATS,1.2OZ,1.2,oz,Kellogg's,Kellogg's,Kellogg's,descrip_rule,high
3800005220,38000,KELLOGG'S  FUN PAK,KELLOGG'S  FUN PAK,8.56 O,8.56,oz,Kellogg's,Kellogg's,Kellogg's,descrip_rule,high
3800005231,38000,KELLOGG'S FUN PAK,KELLOGG'S FUN PAK,6.4 OZ,6.4,oz,Kellogg's,Kellogg's,Kellogg's,descrip_rule,high
3800005332,38000,KELLOGGS VARIETY PAC,KELLOGGS VARIETY PAC,10.5OZ,10.5,oz,Kellogg's,Kellogg's,Kellogg's,descrip_rule,high
3800008000,38000,KELLOGGS MUESLIX FIV,KELLOGGS MUESLIX FIV,14.1 O,14.1,oz,Kellogg's,Kellogg's,Kellogg's,descrip_rule,high
3800008020,38000,MUESLIX RSN ALM CRNC,MUESLIX RSN ALM CRNC,15.3 O,15.3,oz,Unknown,Kellogg's,Kellogg's,manufacturer_block,medium
3800008100,38000,KEL MUSELIX BRAN,KEL MUSELIX BRAN,13.1 O,13.1,oz,Unknown,Kellogg's,Kellogg's,manufacturer_block,medium
3800008200,38000,KEL MUSELIX GOLDEN C,KEL MUSELIX GOLDEN C,15.9OZ,15.9,oz,Unknown,Kellogg's,Kellogg's,manufacturer_block,medium
3800008220,38000,MUSELIX APPL ALM CRN,MUSELIX APPL ALM CRN,15.9 O,15.9,oz,Unknown,Kellogg's,Kellogg's,manufacturer_block,medium
3800008600,38000,KELLOGGS SW GRAHAMS,KELLOGGS SW GRAHAMS,15.8 O,15.8,oz,Kellogg's,Kellogg's,Kellogg's,descrip_rule,high
3800008700,38000,S.W. GRAHAM BRWN SGR,S.W. GRAHAM BRWN SGR,17 OZ,17.0,oz,Unknown,Kellogg's,Kellogg's,manufacturer_block,medium
3800008800,38000,KELLOGGS BLUEBERRY S,KELLOGGS BLUEBERRY S,16.5OZ,16.5,oz,Kellogg's,Kellogg's,Kellogg's,descrip_rule,high
3800010400,38000,KELLOGGS NUTRI GRAIN,KELLOGGS NUTRI GRAIN,12 OZ,12.0,oz,Kellogg's,Kellogg's,Kellogg's,descrip_rule,high
3800010401,38000,KELLOGGS NUTRI GRAIN,KELLOGGS NUTRI GRAIN,12.2 O,12.2,oz,Kellogg's,Kellogg's,Kellogg's,descrip_rule,high
3800010500,38000,KELLOGGS WHT-RSN NUT,KELLOGGS WHT-RSN NUT,17.4 Z,17.4,oz,Kellogg's,Kellogg's,Kellogg's,descrip_rule,high
3800010600,38000,NUTRI GRAIN ALMOND R,NUTRI GRAIN ALMOND R,17.2 O,17.2,oz,Kellogg's,Kellogg's,Kellogg's,descrip_rule,high
3800010601,38000,~NUTRI GRAIN ALMOND,NUTRI GRAIN ALMOND,17.2 O,17.2,oz,Kellogg's,Kellogg's,Kellogg's,descrip_rule,high
3800010800,38000,KELLOGGS NUTRIGRAIN,KELLOGGS NUTRIGRAIN,12.1 O,12.1,oz,Kellogg's,Kellogg's,Kellogg's,descrip_rule,high
3800010900,38000,NUTRI GRAN RAISIN BR,NUTRI GRAN RAISIN BR,11 OZ,11.0,oz,Unknown,Kellogg's,Kellogg's,manufacturer_block,medium
3800010901,38000,KELLOGG'S NUTRI-GRAI,KELLOGG'S NUTRI-GRAI,13 OZ,13.0,oz,Kellogg's,Kellogg's,Kellogg's,descrip_rule,high
3800012100,38000,KELL COMMONSENSE,KELL COMMONSENSE,14.8 O,14.8,oz,Kellogg's,Kellogg's,Kellogg's,descrip_rule,high
3800012121,38000,KELL COMMONSENSE FLA,KELL COMMONSENSE FLA,14.8 O,14.8,oz,Kellogg's,Kellogg's,Kellogg's,descrip_rule,high
3800012200,38000,COMMONSENSE W/RAISIN,COMMONSENSE W/RAISIN,20.5 O,20.5,oz,Unknown,Kellogg's,Kellogg's,manufacturer_block,medium
3800012221,38000,COMMONSENSE W/RAISIN,COMMONSENSE W/RAISIN,18.8 O,18.8,oz,Unknown,Kellogg's,Kellogg's,manufacturer_block,medium
3800012300,38000,KELL BIG MIX,KELL BIG MIX,17.8 O,17.8,oz,Kellogg's,Kellogg's,Kellogg's,descrip_rule,high
3800012400,38000,KELL BIG MIX W/RAISI,KELL BIG MIX W/RAISI,20 OZ,20.0,oz,Kellogg's,Kellogg's,Kellogg's,descrip_rule,high
3800012500,38000,KELL NUT & HONY CRUN,KELL NUT & HONY CRUN,15.5 O,15.5,oz,Kellogg's,Kellogg's,Kellogg's,descrip_rule,high
3800012600,38000,KEL OATBAKE RAISIN N,KEL OATBAKE RAISIN N,14.7OZ,14.7,oz,Unknown,Kellogg's,Kellogg's,manufacturer_block,medium
3800012700,38000,KEL OATBAKE HONEY BR,KEL OATBAKE HONEY BR,14.7OZ,14.7,oz,Unknown,Kellogg's,Kellogg's,manufacturer_block,medium
3800012800,38000,KELLOGGS HEARTWISE C,KELLOGGS HEARTWISE C,10.3OZ,10.3,oz,Kellogg's,Kellogg's,Kellogg's,descrip_rule,high
3800012900,38000,KELLOGGS HEARTWISE W,KELLOGGS HEARTWISE W,14 OZ,14.0,oz,Kellogg's,Kellogg's,Kellogg's,descrip_rule,high
3800013010,38000,KELLOGG KENMEI RICE,KELLOGG KENMEI RICE,17 OZ,17.0,oz,Kellogg's,Kellogg's,Kellogg's,descrip_rule,high
3800013110,38000,KELLOOG KENMEI ALM-R,KELLOOG KENMEI ALM-R,22 OZ,22.0,oz,Kellogg's,Kellogg's,Kellogg's,descrip_rule,high
3800013400,38000,~KELLOGGS CINN MINI,KELLOGGS CINN MINI,15.1 O,15.1,oz,Kellogg's,Kellogg's,Kellogg's,descrip_rule,high
3800013510,38000,KELLOGGS DOUBLE DIP,KELLOGGS DOUBLE DIP,12.1 O,12.1,oz,Kellogg's,Kellogg's,Kellogg's,descrip_rule,high
3800013520,38000,KELLOGGS DOUBLE DIP,KELLOGGS DOUBLE DIP,14.8 O,14.8,oz,Kellogg's,Kellogg's,Kellogg's,descrip_rule,high
3800013540,38000,KELLOGG DOUBLE DIP S,KELLOGG DOUBLE DIP S,1 OZ,1.0,oz,Kellogg's,Kellogg's,Kellogg's,descrip_rule,high
3800013544,38000,KELLOGG DOUBLE DIP S,KELLOGG DOUBLE DIP S,1 OZ,1.0,oz,Kellogg's,Kellogg's,Kellogg's,descrip_rule,high
3800013600,38000,~KELLOGG FROSTED BRA,KELLOGG FROSTED BRA,18.9 O,18.9,oz,Kellogg's,Kellogg's,Kellogg's,descrip_rule,high
3800013610,38000,KELLOGG FROSTED BRAN,KELLOGG FROSTED BRAN,18.9 O,18.9,oz,Kellogg's,Kellogg's,Kellogg's,descrip_rule,high
3800013644,38000,KEL FRST BRAN TRIAL,KEL FRST BRAN TRIAL,1.5 OZ,1.5,oz,Unknown,Kellogg's,Kellogg's,manufacturer_block,medium
3800013700,38000,~KELLOGG LOWFAT GRAN,KELLOGG LOWFAT GRAN,14 OZ,14.0,oz,Kellogg's,Kellogg's,Kellogg's,descrip_rule,high
3800013710,38000,KELLOGGS LOWFAT GRAN,KELLOGGS LOWFAT GRAN,20.5 O,20.5,oz,Kellogg's,Kellogg's,Kellogg's,descrip_rule,high
3800013730,38000,KELLOGG'S LOW FAT GR,KELLOGG'S LOW FAT GR,18.5 O,18.5,oz,Kellogg's,Kellogg's,Kellogg's,descrip_rule,high
3800013800,38000,KELLOGG'S L/F GRANOL,KELLOGG'S L/F GRANOL,14 OZ,14.0,oz,Kellogg's,Kellogg's,Kellogg's,descrip_rule,high
3800013830,38000,KLLG LWFT GRANOLA W/,KLLG LWFT GRANOLA W/,18 OZ,18.0,oz,Unknown,Kellogg's,Kellogg's,manufacturer_block,medium
3800013900,38000,KELLOGGS RICE KRISPI,KELLOGGS RICE KRISPI,14.8,14.8,oz,Kellogg's,Kellogg's,Kellogg's,descrip_rule,high
3800013930,38000,KEL RICE KRISPIES TR,KEL RICE KRISPIES TR,20 OZ,20.0,oz,Unknown,Kellogg's,Kellogg's,manufacturer_block,medium
3800014400,38000,~KELL APPLE CIN RICE,KELL APPLE CIN RICE,16.2 O,16.2,oz,Kellogg's,Kellogg's,Kellogg's,descrip_rule,high
3800014500,38000,KELL HC MULTI-GRAIN,KELL HC MULTI-GRAIN,16.5OZ,16.5,oz,Kellogg's,Kellogg's,Kellogg's,descrip_rule,high
3800014600,38000,KELL HC MULTI-GRAIN,KELL HC MULTI-GRAIN,11.5 O,11.5,oz,Kellogg's,Kellogg's,Kellogg's,descrip_rule,high
3800014700,38000,"KELL HC RAISN, OAT C","KELL HC RAISN, OAT C",12.3 O,12.3,oz,Kellogg's,Kellogg's,Kellogg's,descrip_rule,high
3800014910,38000,KEL POP TART BS/CINN,KEL POP TART BS/CINN,11.1 O,11.1,oz,Unknown,Kellogg's,Kellogg's,manufacturer_block,medium
3800016310,38000,KEL POP TART FRST ST,KEL POP TART FRST ST,12.5OZ,12.5,oz,Unknown,Kellogg's,Kellogg's,manufacturer_block,medium
3800016400,38000,~KEL TEMPTATION FR V,KEL TEMPTATION FR V,11.9 O,11.9,oz,Unknown,Kellogg's,Kellogg's,manufacturer_block,medium
3800016500,38000,~KEL TEMP HNY RSTD P,KEL TEMP HNY RSTD P,12.3 O,12.3,oz,Unknown,Kellogg's,Kellogg's,manufacturer_block,medium
3800016820,38000,KLLG HNY CRUNCH CORN,KLLG HNY CRUNCH CORN,15.1 O,15.1,oz,Unknown,Kellogg's,Kellogg's,manufacturer_block,medium
3800016830,38000,KLLG HNY CRUNCH CORN,KLLG HNY CRUNCH CORN,21.3 O,21.3,oz,Unknown,Kellogg's,Kellogg's,manufacturer_block,medium
3800019010,38000,KELLOGG COCOA FRSTD,KELLOGG COCOA FRSTD,16.1 O,16.1,oz,Kellogg's,Kellogg's,Kellogg's,descrip_rule,high
3800032100,38000,KELLOGGS POP TARTS S,KELLOGGS POP TARTS S,11 OZ,11.0,oz,Kellogg's,Kellogg's,Kellogg's,descrip_rule,high
3800050530,38000,KELLOGGS RICE KRISPI,KELLOGGS RICE KRISPI,15 OZ,15.0,oz,Kellogg's,Kellogg's,Kellogg's,descrip_rule,high
3800054268,38000,KELLOGG JUMBO ASSORT,KELLOGG JUMBO ASSORT,25 CT,,count,Kellogg's,Kellogg's,Kellogg's,descrip_rule,high
3800054275,38000,KELLOGGS CORN FLAKES,KELLOGGS CORN FLAKES,48 OZ,48.0,oz,Kellogg's,Kellogg's,Kellogg's,descrip_rule,high
3800054276,38000,KELL RICE CRISPIES $,KELL RICE CRISPIES,38 OZ,38.0,oz,Kellogg's,Kellogg's,Kellogg's,descrip_rule,high
3800054279,38000,KELLOGGS RAISIN BRAN,KELLOGGS RAISIN BRAN,51 OZ,51.0,oz,Kellogg's,Kellogg's,Kellogg's,descrip_rule,high
3800054280,38000,KELLOGS FRSTED FLKS,KELLOGS FRSTED FLKS,50 OZ,50.0,oz,Kellogg's,Kellogg's,Kellogg's,descrip_rule,high
3800070533,38000,KELLOGG'S VALENTINE,KELLOGG'S VALENTINE,19 OZ,19.0,oz,Kellogg's,Kellogg's,Kellogg's,descrip_rule,high
3800090120,38000,KELLOGG'S CORN FLAKE,KELLOGG'S CORN FLAKE,32 OZ,32.0,oz,Kellogg's,Kellogg's,Kellogg's,descrip_rule,high
3800090530,38000,KELLOGGS RICE KRISPI,KELLOGGS RICE KRISPI,13.5OZ,13.5,oz,Kellogg's,Kellogg's,Kellogg's,descrip_rule,high
3800091527,38000,KELLOGGS BRTHDY CONF,KELLOGGS BRTHDY CONF,25 OZ,25.0,oz,Kellogg's,Kellogg's,Kellogg's,descrip_rule,high
3828125001,38281,DOM OAT HONEY,DOM OAT HONEY,16 OZ,16.0,oz,Private Label,Private Label,Private Label,descrip_rule,high
3828125005,38281,DOM OAT HON RAISIN,DOM OAT HON RAISIN,16 OZ,16.0,oz,Private Label,Private Label,Private Label,descrip_rule,high
3828125029,38281,DOM FROSTED FLAKES,DOM FROSTED FLAKES,20 OZ,20.0,oz,Private Label,Private Label,Private Label,descrip_rule,high
3828125030,38281,~DOM BONUS PACK FR,DOM BONUS PACK FR,25.5 O,25.5,oz,Private Label,Private Label,Private Label,descrip_rule,high
3828125031,38281,HH FROSTED FLAKES,HH FROSTED FLAKES,20 OZ,20.0,oz,Unknown,Private Label,Private Label,manufacturer_block,medium
3828125033,38281,DOM RAISIN BRAN,DOM RAISIN BRAN,25.5 O,25.5,oz,Private Label,Private Label,Private Label,descrip_rule,high
3828125035,38281,HH RAISIN BRAN,HH RAISIN BRAN,25.5 O,25.5,oz,Unknown,Private Label,Private Label,manufacturer_block,medium
3828125037,38281,DOM TASTEEO'S,DOM TASTEEO'S,15 OZ,15.0,oz,Private Label,Private Label,Private Label,descrip_rule,high
3828125041,38281,DOM FRUIT RINGS,DOM FRUIT RINGS,15 OZ,15.0,oz,Private Label,Private Label,Private Label,descrip_rule,high
3828125045,38281,DOM CRISPY RICE,DOM CRISPY RICE,13 OZ,13.0,oz,Private Label,Private Label,Private Label,descrip_rule,high
3828125049,38281,DOM CORN FLAKES,DOM CORN FLAKES,18 OZ,18.0,oz,Private Label,Private Label,Private Label,descrip_rule,high
3828125051,38281,HH CORN FLAKES,HH CORN FLAKES,18 OZ,18.0,oz,Unknown,Private Label,Private Label,manufacturer_block,medium
3828125053,38281,DOMINICK'S T-SIZE SH,DOMINICK'S T-SIZE SH,ASST,,assorted,Private Label,Private Label,Private Label,descrip_rule,high
3828125057,38281,DOMINICK'S T-SIZE SH,DOMINICK'S T-SIZE SH,ASST,,assorted,Private Label,Private Label,Private Label,descrip_rule,high
3828125061,38281,DOM APPLE CINNAMON T,DOM APPLE CINNAMON T,15 OZ,15.0,oz,Private Label,Private Label,Private Label,descrip_rule,high
3828125065,38281,DOM HONEY NUT TASTEE,DOM HONEY NUT TASTEE,14 OZ,14.0,oz,Private Label,Private Label,Private Label,descrip_rule,high
3828125069,38281,DOM MAGIC STARS CERE,DOM MAGIC STARS CERE,14 OZ,14.0,oz,Private Label,Private Label,Private Label,descrip_rule,high
3828125101,38281,DOM LOW FAT GRANOLA,DOM LOW FAT GRANOLA,14 OZ,14.0,oz,Private Label,Private Label,Private Label,descrip_rule,high
3828125109,38281,DOM APPLE DAPPLES,DOM APPLE DAPPLES,15 OZ,15.0,oz,Private Label,Private Label,Private Label,descrip_rule,high
3828125113,38281,DOM CRISP CRUNCH,DOM CRISP CRUNCH,16 OZ,16.0,oz,Private Label,Private Label,Private Label,descrip_rule,high
3828125117,38281,DOM CRISPY CORN & RI,DOM CRISPY CORN & RI,12.3 O,12.3,oz,Private Label,Private Label,Private Label,descrip_rule,high
3828125121,38281,DOM COCOA CRUNCHIES,DOM COCOA CRUNCHIES,13.7 O,13.7,oz,Private Label,Private Label,Private Label,descrip_rule,high
3828125125,38281,DOM FROSTED TASTEEO',DOM FROSTED TASTEEO',14 OZ,14.0,oz,Private Label,Private Label,Private Label,descrip_rule,high
3828198033,38281,DOM FRUITY HO-HO-HO',DOM FRUITY HO-HO-HO',15 OZ,15.0,oz,Private Label,Private Label,Private Label,descrip_rule,high
3828198101,38281,DOM TRIAL SIZE CEREA,DOM TRIAL SIZE CEREA,144 CT,,count,Private Label,Private Label,Private Label,descrip_rule,high
3828198105,38281,DOM TRIAL SIZE CEREA,DOM TRIAL SIZE CEREA,144 CT,,count,Private Label,Private Label,Private Label,descrip_rule,high
4117314002,41173,DOM OAT HONEY,DOM OAT HONEY,16 OZ,16.0,oz,Private Label,Private Label,Private Label,descrip_rule,high
4165345678,41653,UNCLE SAM CEREAL,UNCLE SAM CEREAL,10 OZ,10.0,oz,Unknown,Unknown,Unknown,unknown,low
4240090520,42400,MALT O MEAL CRISP N,MALT O MEAL CRISP N,40 OZ,40.0,oz,Unknown,Unknown,Unknown,unknown,low
4240090620,42400,MALT O MEAL CORN FLA,MALT O MEAL CORN FLA,40 OZ,40.0,oz,Unknown,Unknown,Unknown,unknown,low
4240091020,42400,MALT O MEAL SUG FROS,MALT O MEAL SUG FROS,40 OZ,40.0,oz,Unknown,Unknown,Unknown,unknown,low
4240091320,42400,MALT O MEAL TOOTIE F,MALT O MEAL TOOTIE F,40 OZ,40.0,oz,Unknown,Unknown,Unknown,unknown,low
4300000000,43000,COCOA PEBBLES ON BOX,COCOA PEBBLES ON BOX,17 OZ,17.0,oz,Unknown,Post,Post,manufacturer_block,medium
4300010200,43000,POST BLUEBERRY MORNI,POST BLUEBERRY MORNI,13.5OZ,13.5,oz,Post,Post,Post,descrip_rule,high
4300010210,43000,POST BLUEBERRY MORNI,POST BLUEBERRY MORNI,15 OZ,15.0,oz,Post,Post,Post,descrip_rule,high
4300010300,43000,POST GOLDEN RAISIN C,POST GOLDEN RAISIN C,15.5 O,15.5,oz,Post,Post,Post,descrip_rule,high
4300010305,43000,POST CRANBERRY ALMON,POST CRANBERRY ALMON,13 OZ,13.0,oz,Post,Post,Post,descrip_rule,high
4300010370,43000,POST WAFFLE CRISP,POST WAFFLE CRISP,13.75O,13.75,oz,Post,Post,Post,descrip_rule,high
4300010442,43000,POST FRUIT & FIBRE P,POST FRUIT & FIBRE P,15 OZ,15.0,oz,Post,Post,Post,descrip_rule,high
4300010446,43000,POST FRT&FIBRE DATE/,POST FRT&FIBRE DATE/,15 OZ,15.0,oz,Post,Post,Post,descrip_rule,high
4300010450,43000,POST FRUIT&FIBER DAT,POST FRUIT&FIBER DAT,14 OZ,14.0,oz,Post,Post,Post,descrip_rule,high
4300010510,43000,POST GRAPE NUTS,POST GRAPE NUTS,16 OZ,16.0,oz,Post,Post,Post,descrip_rule,high
4300010521,43000,POST GRAPE-NUTS CERE,POST GRAPE-NUTS CERE,24 OZ,24.0,oz,Post,Post,Post,descrip_rule,high
4300010526,43000,POST GRAPE NUTS BONU,POST GRAPE NUTS BONU,32 OZ,32.0,oz,Post,Post,Post,descrip_rule,high
4300010713,43000,~POST TOASTIES,POST TOASTIES,18 OZ,18.0,oz,Post,Post,Post,descrip_rule,high
4300010910,43000,POST GRAPE NUT FLAKE,POST GRAPE NUT FLAKE,18 OZ,18.0,oz,Post,Post,Post,descrip_rule,high
4300010934,43000,POST GRAPENUT FLAKES,POST GRAPENUT FLAKES,14 OZ,14.0,oz,Post,Post,Post,descrip_rule,high
4300011140,43000,POST HONEYCOMB 10 OZ,POST HONEYCOMB 10 OZ,10 OZ,10.0,oz,Post,Post,Post,descrip_rule,high
4300011170,43000,POST HONEY COMB,POST HONEY COMB,14 OZ,14.0,oz,Post,Post,Post,descrip_rule,high
4300011171,43000,POST HONEY COMB,POST HONEY COMB,14.5 O,14.5,oz,Post,Post,Post,descrip_rule,high
4300011230,43000,HONEY BUNCHES OATS R,HONEY BUNCHES OATS R,16 OZ,16.0,oz,Unknown,Post,Post,manufacturer_block,medium
4300011240,43000,HONEY BUNCHES OATS-A,HONEY BUNCHES OATS-A,16 OZ,16.0,oz,Unknown,Post,Post,manufacturer_block,medium
4300011250,43000,POST OAK FLAKES BONU,POST OAK FLAKES BONU,15 OZ,15.0,oz,Post,Post,Post,descrip_rule,high
4300011260,43000,POST OAT FLAKES,POST OAT FLAKES,12 OZ,12.0,oz,Post,Post,Post,descrip_rule,high
4300011313,43000,POST/NATURAL BRAN FL,POST/NATURAL BRAN FL,16 OZ,16.0,oz,Post,Post,Post,descrip_rule,high
4300011410,43000,POST RAISIN BRAN,POST RAISIN BRAN,15 OZ,15.0,oz,Post,Post,Post,descrip_rule,high
4300011460,43000,POST RAISIN BRAN,POST RAISIN BRAN,20 OZ,20.0,oz,Post,Post,Post,descrip_rule,high
4300011470,43000,POST NATURAL RAISIN,POST NATURAL RAISIN,25 OZ,25.0,oz,Post,Post,Post,descrip_rule,high
4300011650,43000,POST BANANA NUT CRUN,POST BANANA NUT CRUN,15.5 O,15.5,oz,Post,Post,Post,descrip_rule,high
4300011653,43000,~POST BAN NUT CRUNCH,POST BAN NUT CRUNCH,20.5 O,20.5,oz,Post,Post,Post,descrip_rule,high
4300011760,43000,POST SUGAR CRISP,POST SUGAR CRISP,18 OZ,18.0,oz,Post,Post,Post,descrip_rule,high
4300011817,43000,POST ALPHA BITS,POST ALPHA BITS,15 OZ,15.0,oz,Post,Post,Post,descrip_rule,high
4300011862,43000,POST MARSHMALLO ALPH,POST MARSHMALLO ALPH,14 OZ,14.0,oz,Post,Post,Post,descrip_rule,high
4300012550,43000,POST BRAN'NOLA CEREA,POST BRAN'NOLA CEREA,16 OZ,16.0,oz,Post,Post,Post,descrip_rule,high
4300012560,43000,~PST BRN'NOLA W/RSNS,PST BRN'NOLA W/RSNS,16 OZ,16.0,oz,Unknown,Post,Post,manufacturer_block,medium
4300012600,43000,POST GREAT GRAINS DB,POST GREAT GRAINS DB,16 OZ,16.0,oz,Post,Post,Post,descrip_rule,high
4300012601,43000,POST GRT GRAINS CRUN,POST GRT GRAINS CRUN,16 OZ,16.0,oz,Post,Post,Post,descrip_rule,high
4300012610,43000,POST GRT GRNS RSN DA,POST GRT GRNS RSN DA,16 OZ,16.0,oz,Post,Post,Post,descrip_rule,high
4300012611,43000,POST GRT GRAINS RAIS,POST GRT GRAINS RAIS,16 OZ,16.0,oz,Post,Post,Post,descrip_rule,high
4300012950,43000,POST COCOA PEBBLES,POST COCOA PEBBLES,11 OZ,11.0,oz,Post,Post,Post,descrip_rule,high
4300012951,43000,POST COCOA PEBBLES,POST COCOA PEBBLES,13 OZ,13.0,oz,Post,Post,Post,descrip_rule,high
4300012965,43000,COCOA PEBBLES ON BOX,COCOA PEBBLES ON BOX,17 OZ,17.0,oz,Unknown,Post,Post,manufacturer_block,medium
4300012970,43000,POST FRUITY PEBBLES,POST FRUITY PEBBLES,11 OZ,11.0,oz,Post,Post,Post,descrip_rule,high
4300012971,43000,POST FRUITY PEBBLES,POST FRUITY PEBBLES,13 OZ,13.0,oz,Post,Post,Post,descrip_rule,high
4300012974,43000,FRUITY PEBBLES ON BO,FRUITY PEBBLES ON BO,17 OZ,17.0,oz,Unknown,Post,Post,manufacturer_block,medium
4300012990,43000,POST DINO PEBBLES,POST DINO PEBBLES,12.5OZ,12.5,oz,Post,Post,Post,descrip_rule,high
4300018005,43000,NABISCO SHREDDED WHE,NABISCO SHREDDED WHE,15 OZ,15.0,oz,Nabisco,Post,Nabisco,descrip_rule,low
4300018032,43000,~NABISCO 100% BRAN,NABISCO 100% BRAN,17 OZ,17.0,oz,Nabisco,Post,Nabisco,descrip_rule,low
4300018050,43000,POST SPOON SIZE SHRD,POST SPOON SIZE SHRD,23.6 O,23.6,oz,Post,Post,Post,descrip_rule,high
4300018054,43000,NAB SPOON SIZE SHRED,NAB SPOON SIZE SHRED,17.2 O,17.2,oz,Unknown,Post,Post,manufacturer_block,medium
4300018059,43000,NABISCO WHEAT N BRAN,NABISCO WHEAT N BRAN,18 OZ,18.0,oz,Nabisco,Post,Nabisco,descrip_rule,low
4300018155,43000,~NABISCO FROSTED WHE,NABISCO FROSTED WHE,15 OZ,15.0,oz,Nabisco,Post,Nabisco,descrip_rule,low
4300018160,43000,POST FROSTED SHREDDE,POST FROSTED SHREDDE,19 OZ,19.0,oz,Post,Post,Post,descrip_rule,high
4300099100,43000,HOLIDAY HOME MAG SHI,HOLIDAY HOME MAG SHI,1 CT,,count,Unknown,Post,Post,manufacturer_block,medium
5200034844,52000,POPEYE PUFFED WHEAT,POPEYE PUFFED WHEAT,6 OZ,6.0,oz,Unknown,Unknown,Unknown,unknown,low
5200034847,52000,POPEYE PUFFED RICE,POPEYE PUFFED RICE,6 OZ,6.0,oz,Unknown,Unknown,Unknown,unknown,low
5200034916,52000,POPEYE FRUIT CURLS C,POPEYE FRUIT CURLS C,14 OZ,14.0,oz,Unknown,Unknown,Unknown,unknown,low
5200034940,52000,POPEYE SWEET CRUNCH,POPEYE SWEET CRUNCH,13 OZ,13.0,oz,Unknown,Unknown,Unknown,unknown,low
5537050440,55370,LFSTREAM BRY GRANOLA,LFSTREAM BRY GRANOLA,14.9OZ,14.9,oz,Unknown,Unknown,Unknown,unknown,low
5537050730,55370,LIFESTREAM FRT & NUT,LIFESTREAM FRT & NUT,12.4OZ,12.4,oz,Unknown,Unknown,Unknown,unknown,low
5537051730,55370,LIFESTREAM FRT & NUT,LIFESTREAM FRT & NUT,12.4OZ,12.4,oz,Unknown,Unknown,Unknown,unknown,low
5571206700,55712,WEETABIX WHL WHT CER,WEETABIX WHL WHT CER,7 OZ,7.0,oz,Unknown,Unknown,Unknown,unknown,low
7151801022,71518,HODGSON MILLS OAT BR,HODGSON MILLS OAT BR,16 OZ,16.0,oz,Unknown,Unknown,Unknown,unknown,low
7276201213,72762,FAMILIA,FAMILIA,12 OZ,12.0,oz,Unknown,Unknown,Unknown,unknown,low
7572514080,75725,~GENERIC QUICK OATS,GENERIC QUICK OATS,42 OZ,42.0,oz,Unknown,Unknown,Unknown,unknown,low
9166910113,91669,SPIDERMAN CEREAL,SPIDERMAN CEREAL,12.5OZ,12.5,oz,Unknown,Unknown,Unknown,unknown,low
9166912111,91669,SUNFLAKES CEREAL,SUNFLAKES CEREAL,15 OZ,15.0,oz,Unknown,Unknown,Unknown,unknown,low
79166910113,791669,~SPIDERMAN CEREAL,SPIDERMAN CEREAL,12.5OZ,12.5,oz,Unknown,Ralston,Ralston,manufacturer_block,medium
79166910359,791669,~MUESLI W/ CRANBERRI,MUESLI W/ CRANBERRI,13.5OZ,13.5,oz,Unknown,Ralston,Ralston,manufacturer_block,medium
79166910537,791669,~RASPBERRY ALMOND MU,RASPBERRY ALMOND MU,13.5OZ,13.5,oz,Unknown,Ralston,Ralston,manufacturer_block,medium
79166910605,791669,~MUESLI STRAWBERRY P,MUESLI STRAWBERRY P,13.5OZ,13.5,oz,Unknown,Ralston,Ralston,manufacturer_block,medium
79166915516,791669,RALSTON/WHEAT CHEX,RALSTON/WHEAT CHEX,16 OZ,16.0,oz,Ralston,Ralston,Ralston,descrip_rule,high
79166918102,791669,RALSTON RICE CHEX,RALSTON RICE CHEX,12 OZ,12.0,oz,Ralston,Ralston,Ralston,descrip_rule,high
79166918982,791669,COOKIE CRISP CHOCOLA,COOKIE CRISP CHOCOLA,11 OZ,11.0,oz,Unknown,Ralston,Ralston,manufacturer_block,medium
79166919305,791669,MULTI BRAN CHEX CERE,MULTI BRAN CHEX CERE,16 OZ,16.0,oz,Unknown,Ralston,Ralston,manufacturer_block,medium
79166919541,791669,RALSTON CORN CHEX,RALSTON CORN CHEX,12 OZ,12.0,oz,Ralston,Ralston,Ralston,descrip_rule,high
